Model,Accuracy,Precision,Recall,F1 Score,AUC Score
Logistic Regression,0.5819186061766944,0.20799087349944256,0.8587026332691072,0.33487090647241763,0.7394888476336225
