Model,Accuracy,Precision,Recall,F1 Score,AUC Score
Gradient Boosting,0.6058618246700428,0.21454575541949364,0.8326910725754656,0.34118421052631576,0.7526454235335815
